{"cache":{"17-2-2024":{"https://groceries.morrisons.com/products/585103011":{"name":"Cathedral City Mature Cheese","weight":"550g","imageUrl":"https://groceries.morrisons.com/productImages/585/585103011_0_640x640.jpg?identifier=727e779f375dbf48fea007183bddd001","price":"£5.49","url":"https://groceries.morrisons.com/products/cathedral-city-mature-cheese-585103011","store":"MORRISONS","matches":{"others":["https://groceries.asda.com/product/1000186791338"],"name":"Cathedral City Mature Cheese 550g"}},"https://groceries.asda.com/product/1000186791338":{"name":"Cathedral City Mature Cheddar Cheese","weight":"550g","price":"£5.25","imageUrl":"https://ui.assets-asda.com/dm/asdagroceries/5000295145054_T1?defaultImage=asdagroceries/noImage&resMode=sharp2&id=2S5Sz0&fmt=webp&dpr=off&fit=constrain,1&wid=288&hei=288","url":"https://groceries.asda.com/product/mature-cheese/cathedral-city-mature-cheddar-cheese/1000186791338","store":"ASDA"},"https://groceries.morrisons.com/products/113873011":{"name":"Pepsi Max No Sugar Cola Cans","weight":"8 x 330ml","imageUrl":"https://groceries.morrisons.com/productImages/113/113873011_0_640x640.jpg?identifier=d4f0bf5e2ae7b2ee5ed9ce4a23e7367f","price":"£4","url":"https://groceries.morrisons.com/products/pepsi-max-no-sugar-cola-cans-113873011","store":"MORRISONS","matches":{"others":["https://groceries.asda.com/product/910000201931"],"name":"Pepsi Max No Sugar Cola Cans 8 x 330ml"}},"https://groceries.asda.com/product/910000201931":{"name":"Pepsi Max Cans","weight":"8x330","price":"£4.00","imageUrl":"https://ui.assets-asda.com/dm/asdagroceries/4060800134592_T1?defaultImage=asdagroceries/noImage&resMode=sharp2&id=vG1SB3&fmt=webp&dpr=off&fit=constrain,1&wid=288&hei=288","url":"https://groceries.asda.com/product/sugar-free-diet-cola/pepsi-max-cans/910000201931","store":"ASDA"},"https://groceries.morrisons.com/products/451884011":{"name":"Pepsi Max No Sugar Cola Cans","weight":"24 x 330ml","imageUrl":"https://groceries.morrisons.com/productImages/451/451884011_0_640x640.jpg?identifier=4e7f5aeefee0ec3f19501f740c3a65ba","price":"£10.50","url":"https://groceries.morrisons.com/products/pepsi-max-no-sugar-cola-cans-451884011","store":"MORRISONS"}}},"job":{"info":{"name":"Pepsi Max No Sugar Cola Cans","weight":"24 x 330ml","imageUrl":"https://groceries.morrisons.com/productImages/451/451884011_0_640x640.jpg?identifier=4e7f5aeefee0ec3f19501f740c3a65ba","price":"£10.50","search":"Pepsi%20Max%20No%20Sugar%20Cola%20Cans%20","url":"https://groceries.morrisons.com/products/pepsi-max-no-sugar-cola-cans-451884011","store":"MORRISONS"},"asda":[{"name":"Coca-Cola Zero Sugar","weight":"2l","price":"£2.00","imageUrl":"https://ui.assets-asda.com/dm/asdagroceries/5449000669902?$ProdList$=&fmt=webp","url":"https://groceries.asda.com/product/sugar-free-diet-cola/coca-cola-zero-sugar/1000027469797","store":"ASDA"},{"name":"Pepsi Max No Sugar Cola Bottle","weight":"500ml","price":"£1.55","imageUrl":"https://ui.assets-asda.com/dm/asdagroceries/87170788?$ProdList$=&fmt=webp","url":"https://groceries.asda.com/product/pepsi-max/pepsi-max-no-sugar-cola-bottle/1000357546854","store":"ASDA"},{"name":"Pepsi Max No Sugar Cola Bottle","weight":"1.25l","price":"£1.60","imageUrl":"https://ui.assets-asda.com/dm/asdagroceries/4060800178008?$ProdList$=&fmt=webp","url":"https://groceries.asda.com/product/sugar-free-diet-cola/pepsi-max-no-sugar-cola-bottle/1000110474532","store":"ASDA"},{"name":"Pepsi Max Lime No Sugar Cola Cans","weight":"24x330","price":"£10.50","imageUrl":"https://ui.assets-asda.com/dm/asdagroceries/4060800305961?$ProdList$=&fmt=webp","url":"https://groceries.asda.com/product/sugar-free-diet-cola/pepsi-max-lime-no-sugar-cola-cans/1000311374535","store":"ASDA"},{"name":"Heinz Peeled Tinned Tomatoes 400g","weight":"400g","price":"£1.25","imageUrl":"https://ui.assets-asda.com/dm/asdagroceries/5000157150318?$ProdList$=&fmt=webp","url":"https://groceries.asda.com/product/tinned-tomatoes/heinz-peeled-tinned-tomatoes-400-g/1000383170508","store":"ASDA"},{"name":"Pepsi Max Lime No Sugar Cola Cans","weight":"8x330","price":"£4.00","imageUrl":"https://ui.assets-asda.com/dm/asdagroceries/4060800305954?$ProdList$=&fmt=webp","url":"https://groceries.asda.com/product/sugar-free-diet-cola/pepsi-max-lime-no-sugar-cola-cans/1000311374659","store":"ASDA"},{"name":"Pepsi Max Lime No Sugar Cola Bottle","weight":"1.25l","price":"£1.60","imageUrl":"https://ui.assets-asda.com/dm/asdagroceries/4060800305947?$ProdList$=&fmt=webp","url":"https://groceries.asda.com/product/pepsi-max/pepsi-max-lime-no-sugar-cola-bottle/1000343820607","store":"ASDA"},{"name":"Pepsi Max Cherry No Sugar Cola Bottle","weight":"1.25l","price":"£1.60","imageUrl":"https://ui.assets-asda.com/dm/asdagroceries/4060800178015?$ProdList$=&fmt=webp","url":"https://groceries.asda.com/product/sugar-free-diet-cola/pepsi-max-cherry-no-sugar-cola-bottle/1000110474548","store":"ASDA"},{"name":"Pepsi Max Lime No Sugar Cola Bottle","weight":"2l","price":"£1.75","imageUrl":"https://ui.assets-asda.com/dm/asdagroceries/4060800305930?$ProdList$=&fmt=webp","url":"https://groceries.asda.com/product/sugar-free-diet-cola/pepsi-max-lime-no-sugar-cola-bottle/1000311374569","store":"ASDA"},{"name":"Pepsi Max No Caffeine Cans","weight":"24x330","price":"£10.50","imageUrl":"https://ui.assets-asda.com/dm/asdagroceries/4060800309167?$ProdList$=&fmt=webp","url":"https://groceries.asda.com/product/sugar-free-diet-cola/pepsi-max-no-caffeine-cans/1000383156190","store":"ASDA"}]},"matches":{"https://groceries.morrisons.com/products/115512011":{"others":["https://groceries.asda.com/product/910000455372"],"name":"Cathedral City Mature Cheese 350g"},"https://groceries.asda.com/product/910000455372":{"others":["https://groceries.morrisons.com/products/115512011"],"name":"Cathedral City Mature Cheddar Cheese 350g"},"https://groceries.morrisons.com/products/585103011":{"others":["https://groceries.asda.com/product/1000186791338"],"name":"Cathedral City Mature Cheese 550g"},"https://groceries.asda.com/product/1000186791338":{"others":["https://groceries.morrisons.com/products/585103011"],"name":"Cathedral City Mature Cheddar Cheese 550g"},"https://groceries.morrisons.com/products/113873011":{"others":["https://groceries.asda.com/product/910000201931"],"name":"Pepsi Max No Sugar Cola Cans 8 x 330ml"},"https://groceries.asda.com/product/910000201931":{"others":["https://groceries.morrisons.com/products/113873011"],"name":"Pepsi Max Cans 8x330"}}}